TransactionID,TransactionAmount,TransactionType,TransactionFrequency,Label
1064,1914.8112754603912,Transfer,32.098038214074634,1
989,112.60051871917065,Withdrawal,9.68422281619908,0
863,92.61495861340873,Transfer,10.60956199342327,0
768,108.00582378747211,Withdrawal,7.114149435543485,0
988,124.90172392619759,Withdrawal,13.2367185448004,0
890,129.27509704055018,Withdrawal,5.471621568349871,0
1342,3907.711721057434,Transfer,44.49363397169863,1
690,79.36881403124329,Withdrawal,11.746552403908337,0
461,117.50323362521254,Purchase,7.8534615585601895,0
1306,3346.0681682768386,Withdrawal,45.80762552375283,1
968,71.48119142525579,Transfer,8.106016341869811,0
350,110.52330479003976,Withdrawal,11.244377746031262,0
1171,1736.4232663542114,Transfer,43.19149301765245,1
1117,2334.4950310521426,Transfer,42.56380504390961,1
1,121.71086510592913,Withdrawal,10.161125526055791,0
1206,2811.570566041787,Withdrawal,26.766799594484283,1
1400,1008.7189558002203,Transfer,20.250115498941696,1
1187,3064.455626725065,Withdrawal,41.989513445477925,1
748,89.96486852934774,Transfer,6.234284868486553,0
1476,2241.027297205918,Transfer,42.472028989035906,1
1293,4112.793023929036,Withdrawal,23.271374626903242,1
191,89.19913335658957,Withdrawal,9.207814281486518,0
1454,2267.7611378523084,Withdrawal,40.61628353825418,1
499,142.2723334332851,Purchase,8.206144950683584,0
1351,4909.038847429236,Transfer,34.97389859711243,1
145,94.6344880841737,Transfer,6.481646028202528,0
1411,3863.531653908411,Withdrawal,46.594303281621,1
506,61.11966080505486,Withdrawal,9.01626159551106,0
1172,1944.7636311877839,Withdrawal,49.52295208731758,1
1344,4218.029248120462,Transfer,21.925823654588974,1
435,127.45157817866233,Purchase,8.864868496588032,0
824,91.865244552913,Withdrawal,9.380891517101027,0
573,124.77845284611777,Purchase,12.055142129118606,0
1083,2892.4067950170956,Withdrawal,39.639856630445095,1
535,68.13881705360558,Purchase,6.8049156589241395,0
175,100.81483216217177,Transfer,6.668537463349972,0
779,82.2759065604328,Withdrawal,6.338832437361964,0
487,99.58404321624361,Transfer,11.283856895782176,0
1151,2293.1569015699647,Withdrawal,44.74071591285028,1
568,91.84208563937972,Withdrawal,12.372340981493815,0
1158,2238.6211378812304,Withdrawal,33.99920362627283,1
344,108.9200410621567,Transfer,10.956154574813818,0
343,56.330766729505754,Purchase,10.82802071631946,0
502,92.92963653167833,Transfer,10.228833712961555,0
1173,2916.154147057632,Transfer,39.161269832957856,1
1498,2385.8425849754803,Withdrawal,22.34195687831936,1
1336,3247.2882476663017,Withdrawal,43.50649380753034,1
1394,2566.5600750464673,Transfer,43.16725055679416,1
225,103.14859602594085,Purchase,11.78530874873965,0
1082,1323.2411508416026,Transfer,20.60815645744065,1
957,58.93236466768088,Withdrawal,5.714641103652634,0
486,117.26523653175335,Transfer,9.062100613974561,0
1360,4365.147363753062,Withdrawal,49.320519409605865,1
295,89.92630544400878,Purchase,9.763032797791826,0
217,124.44949076530321,Withdrawal,12.254446169751496,0
918,122.59420390587137,Transfer,9.040520434275052,0
544,87.26774955186602,Purchase,11.194931814639155,0
1385,4546.204880369425,Withdrawal,41.38753043325604,1
1412,2430.424657351835,Transfer,42.05863173658032,1
1286,1031.6076197383395,Withdrawal,36.426891375164345,1
1104,4935.403958306342,Transfer,24.331564147919668,1
802,106.10463204808283,Purchase,14.748006544953677,0
647,112.56798241742382,Purchase,8.047794100023141,0
595,103.9156194197315,Purchase,8.996719828088086,0
1323,3133.1908024217464,Transfer,38.542159783074084,1
1009,3666.1459807785545,Withdrawal,42.842460055070546,1
1011,3116.154721634749,Transfer,41.5636985023029,1
404,104.24558612017684,Withdrawal,7.272098938513587,0
437,98.59032568414457,Withdrawal,10.513457183064393,0
695,126.4479156970916,Transfer,6.910534770988383,0
1268,4447.3586361302,Withdrawal,29.356787276435277,1
159,88.13632716722717,Transfer,11.46484779494552,0
773,106.5722358348832,Purchase,10.377399439766522,0
240,85.39371258330425,Transfer,12.110609028148069,0
1253,4536.587793114906,Withdrawal,44.38732225510593,1
1066,3129.402334474395,Transfer,20.881923775451558,1
541,97.67402125360562,Purchase,10.479777306089126,0
827,107.99911296541075,Transfer,9.180008751584037,0
308,119.54750032232393,Transfer,6.33339211899246,0
71,116.93752423374382,Purchase,10.750658649415543,0
825,83.62032590088336,Purchase,11.365557938874078,0
498,72.3844708691432,Transfer,14.341725074844213,0
434,106.32300110076874,Purchase,6.180172721172779,0
527,74.63182927744947,Transfer,10.810206273089834,0
1017,2719.8283782203416,Transfer,43.104510402341305,1
629,76.41933439242649,Withdrawal,11.148280685404517,0
1091,4150.861728115766,Withdrawal,25.30732029767634,1
313,92.91842750495934,Purchase,11.915304652383329,0
1050,4555.666235972469,Withdrawal,47.652026588222256,1
1216,1748.8838919074997,Transfer,49.59313724060155,1
165,130.69531650192596,Purchase,11.13051735642679,0
1463,2674.336040859886,Transfer,38.70307162960244,1
288,112.96304362306323,Purchase,9.014765162646789,0
793,93.72083460111934,Purchase,6.810760437810205,0
1223,4689.4240686814055,Withdrawal,43.6494199174126,1
1392,4477.680020795813,Transfer,40.76534202665152,1
765,90.40136656601905,Transfer,7.482675979926526,0
1468,4231.415645261519,Transfer,37.617820257169285,1
1039,4159.576394323587,Withdrawal,42.409908554984725,1
1347,4998.657074301155,Withdrawal,43.85313012768286,1
1183,4150.45913896638,Transfer,42.75551351902567,1
697,135.129748258221,Transfer,11.996459225821457,0
1228,3742.736720237966,Transfer,22.81623475722744,1
660,120.02873957138635,Purchase,9.673342704292487,0
807,88.96638094856145,Purchase,7.564403369175297,0
211,135.6955213660657,Withdrawal,7.557294242400824,0
1141,4091.9117899294656,Withdrawal,39.683538836231264,1
823,77.83125376272613,Withdrawal,10.367247477557651,0
857,101.76770521828344,Withdrawal,13.47509939281879,0
365,73.94220122720486,Withdrawal,11.348905746534342,0
1203,3848.165828693019,Transfer,24.468147663901775,1
944,117.45702225153386,Purchase,7.600841541782829,0
18,75.72529347046782,Withdrawal,10.772892917908274,0
441,86.1073054203736,Transfer,9.608232909067294,0
1376,2343.3869012989417,Withdrawal,41.839668221700954,1
1260,4733.281120806569,Withdrawal,24.957812966380665,1
169,89.00446719941064,Withdrawal,8.956281766447377,0
1312,4363.303910829783,Transfer,34.71641414596125,1
1166,4767.67898365277,Transfer,49.67809101821914,1
922,95.87970537932847,Transfer,8.154671026054057,0
189,55.31645102564489,Purchase,9.626738498794376,0
412,91.06281295576383,Withdrawal,10.777587873479579,0
1478,3072.8880859822198,Transfer,28.219724478407983,1
162,75.52113205230381,Transfer,12.820826879061402,0
1428,1219.224343541149,Withdrawal,47.475032384256,1
1401,1775.9046458158928,Transfer,34.26770310601798,1
4,110.90292431404689,Transfer,13.513518420892572,0
1181,2108.99610733384,Transfer,40.16592171106356,1
351,94.10848890075262,Purchase,9.155241902246363,0
503,58.91753628707475,Purchase,8.185694387434795,0
1321,2925.3918789542977,Withdrawal,49.41173818966291,1
1274,2605.34976649034,Transfer,49.26974609019873,1
1328,4168.700833207764,Transfer,46.497749673815576,1
307,112.44905327608916,Purchase,9.836472560222541,0
870,90.93154435059279,Withdrawal,8.278903109728088,0
598,110.51873434237136,Purchase,9.590737728811217,0
1430,2110.0491642761212,Withdrawal,24.511826591549298,1
677,94.56510311220913,Transfer,9.489134396873917,0
1281,1738.3011688983242,Transfer,25.65853781371549,1
7,71.38225883781968,Purchase,12.346490421960539,0
387,119.08749290568895,Withdrawal,11.08734264685042,0
830,109.04780148979624,Transfer,13.724109909167854,0
623,91.17356661332309,Withdrawal,6.502870850532867,0
93,90.22675046962232,Withdrawal,10.39894104623004,0
849,81.51204872574965,Purchase,12.13294235802206,0
183,121.07421674282475,Withdrawal,7.817943192956361,0
89,89.77379848396947,Transfer,11.732087804927344,0
366,86.34932566128575,Purchase,9.855752473292215,0
862,76.0117158833859,Purchase,10.281067189523164,0
838,87.0144586455608,Purchase,10.811530301167375,0
5,110.19298700754659,Purchase,9.789158224477665,0
1276,2630.751060461578,Withdrawal,47.673439987137584,1
274,66.29165500935932,Purchase,9.457228291144153,0
139,106.54952425263878,Withdrawal,11.254547648153766,0
116,90.17921192388987,Withdrawal,10.794532567940003,0
49,71.74161825411869,Transfer,8.627897451445946,0
1143,2344.393420085422,Transfer,32.97057571962289,1
1443,4085.1001826821807,Withdrawal,21.528586653198275,1
999,98.3211224328663,Purchase,14.752099246148795,0
1377,2701.4898429933073,Transfer,22.52780932785419,1
1300,4777.8178715901195,Withdrawal,33.93284995858876,1
1305,3790.3269538334825,Transfer,34.47551891580434,1
760,104.13521279456997,Transfer,8.737871253599652,0
31,113.9927518612727,Withdrawal,11.04885350448305,0
214,91.4201610638141,Withdrawal,10.195361237046841,0
1421,1829.6338358013277,Withdrawal,40.40337782344892,1
391,116.5357917236305,Transfer,8.508548403753258,0
128,100.92492410644005,Purchase,11.666664145465932,0
822,88.1446556905949,Withdrawal,12.272886776186212,0
300,117.94388031820185,Purchase,9.341819535009382,0
1233,3021.942521097146,Withdrawal,29.47088695864131,1
780,91.20970948787141,Withdrawal,9.161267434734517,0
13,48.3401701001375,Transfer,8.49184027623229,0
900,75.11259595071539,Transfer,9.833591660810713,0
1005,2836.9810021952912,Transfer,31.607320125335313,1
260,84.44180371270582,Transfer,8.856328132668551,0
392,66.67916554073996,Withdrawal,10.982446633780347,0
580,109.66710067205639,Transfer,8.577427732600718,0
1147,4811.978558000127,Withdrawal,38.979303546156345,1
230,107.86809446825377,Transfer,9.927777508174353,0
1423,4096.854281087866,Transfer,29.78432456051644,1
574,88.62514529467164,Transfer,7.7631152241110595,0
327,124.70446056775182,Transfer,9.559637861572632,0
177,96.01631407699622,Transfer,8.575671606012978,0
1384,4542.304087259483,Withdrawal,31.185395741925806,1
469,105.8528318336087,Transfer,11.182331381171302,0
290,99.4773926727541,Withdrawal,5.092855234211613,0
711,95.00958423267414,Withdrawal,10.782470580647773,0
1484,1095.0410115786542,Transfer,27.848476841920647,1
1381,2731.0749945171374,Withdrawal,37.504848719900664,1
176,96.19225544692482,Purchase,6.754367249770972,0
439,109.43140995299049,Withdrawal,7.374190676175337,0
1486,2937.7568354258065,Withdrawal,37.710386352499015,1
2,112.4466254598776,Purchase,9.786726670890314,0
1472,4761.990105129094,Transfer,33.74557272014499,1
1020,4641.282004896439,Transfer,37.66513256724288,1
409,140.23023735333615,Withdrawal,8.653078087521065,0
563,96.10420033839843,Transfer,8.733230739535786,0
1219,4225.4034372842,Transfer,38.683991090123556,1
1335,3975.434807810172,Transfer,35.53611901732619,1
1371,2843.747898745372,Withdrawal,35.738629692262094,1
710,89.97036510610805,Transfer,8.378075630527494,0
306,62.02328469496011,Withdrawal,11.02497097248274,0
1074,4700.336895553423,Transfer,27.765440952362965,1
734,93.81764771454996,Purchase,10.95870188453667,0
1003,3710.0502097007547,Transfer,45.44968018179138,1
1285,1506.9962399207966,Transfer,36.78793451555361,1
389,82.7130576970065,Purchase,8.467406023353288,0
953,97.42848370190741,Transfer,9.723211388314674,0
378,130.99194616304243,Withdrawal,10.437749459691519,0
782,91.20656091254216,Purchase,9.769114220227815,0
1449,3100.945443151048,Withdrawal,33.104668969471795,1
334,106.7028908341474,Purchase,8.808118701239628,0
167,101.58871837930424,Withdrawal,11.289800900663872,0
884,116.23892829511843,Transfer,7.3694937589291705,0
737,82.12497022049936,Withdrawal,4.4473858797122885,0
1270,3798.2942038984306,Transfer,42.99860870265,1
142,86.46283886192596,Purchase,10.864819471702392,0
268,103.30629336740631,Withdrawal,9.75019164898076,0
1238,4451.338567273937,Transfer,28.650679618953337,1
420,111.56881737981747,Purchase,10.64289168296095,0
665,91.56472939787983,Purchase,10.491177985668372,0
77,88.27777467430222,Transfer,8.294668643791498,0
662,102.87785072501302,Purchase,11.295794607384664,0
64,96.16936650748687,Purchase,11.218020208566063,0
1429,1741.5356318998838,Transfer,20.47162162463073,1
19,87.87469211124744,Transfer,10.50017417257689,0
1261,3196.452753275744,Withdrawal,44.16934167756757,1
396,101.52763138697372,Purchase,12.263483138011201,0
984,119.74713735753063,Transfer,10.888495174672787,0
763,96.04477047728419,Purchase,13.25523392219329,0
828,92.99602578453595,Transfer,11.654681048988147,0
8,95.80877731091633,Purchase,13.283923323437746,0
298,87.01953900118431,Withdrawal,9.903781246096639,0
948,111.37790209150688,Transfer,8.013215199401301,0
15,122.45200049228876,Withdrawal,11.565499031270894,0
181,106.37071700236369,Transfer,9.338083011002977,0
1438,4255.708262211649,Transfer,45.57664768691184,1
244,97.00769374818366,Withdrawal,9.919390419552682,0
1292,2341.0054849920125,Withdrawal,24.359839870157458,1
831,133.14585003960656,Purchase,10.008114613653955,0
1315,1343.6799541573344,Transfer,23.73047549562432,1
115,82.57043621507175,Withdrawal,11.98122007248799,0
620,87.3880195480546,Transfer,12.246059101932548,0
276,90.44107095619243,Withdrawal,9.318703406677022,0
721,83.65586511985316,Withdrawal,12.796116567500391,0
893,104.09561024201172,Withdrawal,6.762523085499351,0
979,85.80831489243444,Withdrawal,8.142599605048327,0
602,89.7415037230271,Transfer,11.029667595391725,0
685,83.72117250357725,Purchase,9.000153716843352,0
624,88.2821761695067,Purchase,7.144867240053281,0
322,101.25395863330559,Withdrawal,8.15936058529022,0
925,106.21640984425645,Withdrawal,10.742748906059248,0
425,111.65569436247493,Withdrawal,8.845665090790156,0
1134,1698.8626380631868,Transfer,40.91491591667423,1
1226,4858.066174926295,Withdrawal,44.279285278274884,1
888,84.03993306028238,Purchase,14.321993519504755,0
757,149.4004335480633,Withdrawal,11.82807008524894,0
1369,2807.504884721897,Transfer,26.427052459636524,1
1257,3328.1662709238026,Transfer,39.51634817673794,1
673,95.56428072144169,Transfer,8.981977068725156,0
1350,3607.439291810467,Transfer,49.24156051872099,1
474,98.59754131711652,Purchase,8.510460730845036,0
587,75.23366599696564,Withdrawal,8.856451758710996,0
715,98.84468240100698,Withdrawal,12.282160975469505,0
209,97.29508171533321,Transfer,13.000620071705521,0
294,135.18382771670682,Withdrawal,8.346819856560929,0
1123,1064.1985567778258,Transfer,39.500075770029824,1
1100,4466.6519153207055,Withdrawal,35.776008033551285,1
949,101.38459603385745,Transfer,12.487288825038187,0
140,89.44856585783975,Withdrawal,14.746729188659932,0
930,111.8075681199301,Purchase,7.57389218460972,0
1373,4221.736199316487,Withdrawal,44.348886034635214,1
819,75.23945823081671,Transfer,9.302075280227738,0
9,94.99023178076644,Purchase,11.355416246333386,0
578,101.94887207981726,Purchase,13.896087972898412,0
1466,3324.7263771884145,Withdrawal,44.06972998781709,1
12,108.65679720335149,Transfer,7.74946485104182,0
1094,1401.1942744476316,Transfer,46.58330842089676,1
127,52.54574258425312,Transfer,8.345363369068759,0
463,87.35818177415649,Withdrawal,10.348889121188385,0
284,96.45890250077602,Transfer,11.763950351899119,0
1035,1776.9960490847661,Transfer,41.90150016948042,1
101,124.94299636042324,Purchase,11.77065644482215,0
390,102.9226914176723,Withdrawal,8.73697726660367,0
743,80.3148790197237,Purchase,8.867146779851263,0
111,153.54472181738464,Transfer,10.602859105695602,0
877,105.5970232868025,Purchase,10.614758980040568,0
1073,3283.9491287681226,Transfer,23.38494043690714,1
213,99.8304853272414,Transfer,14.354543817824466,0
1363,3564.73989165259,Withdrawal,49.16837959901704,1
1202,3020.5969251980605,Transfer,20.730187442980597,1
1139,4030.800134804527,Transfer,28.631291299532574,1
513,80.15058715434064,Withdrawal,6.168097866465164,0
411,102.03979744456427,Transfer,12.729463337843775,0
975,116.16967497949013,Transfer,10.907245487690084,0
1455,4484.927443506331,Withdrawal,48.834556150677344,1
530,118.50718499208085,Purchase,6.073034984179213,0
982,102.08743869451247,Purchase,11.430273832003598,0
1320,2322.0131384082183,Withdrawal,22.673137182307695,1
112,85.73460312405997,Transfer,15.21087773471108,0
1075,4190.856664343383,Withdrawal,47.38991403356111,1
87,97.71736330182497,Transfer,5.883571025607079,0
356,105.53392182934314,Withdrawal,13.025513343581265,0
85,130.07482190315682,Transfer,12.029352100024145,0
245,125.00122072855928,Transfer,12.532097102430868,0
359,84.90640223279212,Transfer,8.023986824550846,0
1179,2231.6487855056303,Transfer,23.273387741870092,1
1124,4349.620848789434,Transfer,43.56099098677477,1
442,70.51636394977521,Transfer,9.153214401326695,0
971,135.46927898022184,Withdrawal,11.016801710989437,0
756,74.67080157199963,Withdrawal,12.141785577370177,0
256,120.27127387025865,Transfer,8.767249834467972,0
35,44.60899183969593,Transfer,12.461992983124286,0
326,135.6255690006809,Transfer,9.9500847715035,0
998,79.72259823173829,Purchase,10.786845997405464,0
1348,4724.891679065276,Transfer,34.45467468697786,1
493,107.34499944876798,Transfer,12.403468609258852,0
1232,1493.903819782843,Transfer,45.76703223512726,1
423,75.90107248636633,Withdrawal,10.870044354971165,0
1168,2297.5494995235895,Withdrawal,33.8240563036024,1
591,87.09152804953945,Purchase,8.312981809548248,0
186,94.15661908452323,Transfer,7.65142777242303,0
785,126.28776213608482,Transfer,12.346708783131238,0
844,89.27747960788787,Purchase,10.895559665626873,0
1296,3634.223974139514,Withdrawal,24.98774497834779,1
1359,3635.5771191054814,Transfer,23.002624993698802,1
1065,1626.7610418962115,Withdrawal,41.66036063521434,1
302,76.06498705869194,Purchase,10.023863390684705,0
853,94.72494613547188,Withdrawal,10.463554302627632,0
41,88.37034809516874,Withdrawal,7.652200518473902,0
810,101.66970365577396,Purchase,10.720775963812224,0
1086,4092.876309333086,Withdrawal,40.96305575631166,1
1375,2208.5863993974626,Withdrawal,22.897193602491356,1
496,97.0804810407433,Withdrawal,15.780070282856702,0
1309,1263.280071884702,Transfer,37.39227576930797,1
335,141.8198819527404,Purchase,12.205104306155764,0
285,76.6927294636726,Transfer,8.366291231050292,0
55,74.19224870544906,Transfer,10.480897195242346,0
24,80.51527276490889,Purchase,8.222294737349976,0
963,123.28515180789182,Purchase,8.013151845708341,0
279,96.3060149841194,Transfer,8.762493250170593,0
1169,1176.5211805601766,Transfer,49.0353996665506,1
1310,1909.2283546372005,Withdrawal,28.889849949890184,1
570,95.42734834336449,Transfer,10.515661933733456,0
783,54.01100424634369,Transfer,10.967143717927396,0
873,99.62036600695863,Withdrawal,12.347996579582425,0
238,114.75378080696828,Transfer,14.110755764166125,0
301,130.71557518707485,Purchase,9.376072624663284,0
234,112.56161548276796,Purchase,12.086821849881437,0
776,119.92257640522072,Purchase,10.213068429238191,0
611,108.96163023113678,Withdrawal,10.861079892388492,0
475,111.89666448154799,Withdrawal,11.216514902497956,0
945,115.02706267185181,Withdrawal,10.267314064302674,0
973,117.96115190778585,Withdrawal,10.746778865628054,0
436,82.59968292183166,Withdrawal,14.90339038451355,0
725,126.15791893064818,Withdrawal,9.687170626030442,0
156,115.25672450183367,Purchase,9.62322460681409,0
659,81.22660121046547,Purchase,11.20566238335687,0
429,89.45068859335525,Transfer,10.054420701798017,0
618,87.06125726233289,Withdrawal,8.102150078424264,0
398,89.36048890517142,Transfer,5.5551385680455665,0
125,77.13685507362288,Transfer,10.056362598927286,0
1212,2027.2475026189834,Transfer,34.48605222025489,1
1130,4122.274356077823,Transfer,23.469816342682588,1
1440,1562.5569866167211,Withdrawal,49.68831568506029,1
512,83.68947909457285,Withdrawal,8.259136347963372,0
534,109.08037320741427,Purchase,12.35495248377564,0
1016,1869.3254093189294,Withdrawal,27.17920141524525,1
958,110.70381794619222,Withdrawal,9.454008661882678,0
1161,2514.3806375202885,Transfer,45.90255480653129,1
959,97.58585060001616,Purchase,10.250612461719832,0
278,141.43351114292585,Purchase,7.177500932625173,0
1204,3873.845060521554,Withdrawal,37.293056892358564,1
1278,3505.167346791467,Transfer,49.03899542256559,1
865,87.13494610066655,Transfer,4.593551519438317,0
52,82.73209133951435,Withdrawal,6.062258596696054,0
549,100.73456420225604,Withdrawal,11.592264171859133,0
640,84.14499855080155,Withdrawal,9.306674478410443,0
812,93.58681629448076,Purchase,10.206215433420159,0
641,94.10204427827053,Purchase,9.256443951988329,0
1470,1925.291464546478,Transfer,37.5931703042273,1
1395,1945.3308901123773,Withdrawal,47.578890316450284,1
607,95.34194466659127,Purchase,14.83907375803571,0
1447,2164.7033045714224,Withdrawal,36.00956092094209,1
694,108.67038174182676,Withdrawal,11.598092350025066,0
1175,4629.696252984599,Transfer,35.87857755000127,1
1442,2844.672884398868,Withdrawal,39.98303972335633,1
1390,4469.523146823416,Transfer,25.251352780098387,1
34,77.75446185592116,Transfer,11.624058217192054,0
83,98.66891045884394,Transfer,7.966844367026551,0
497,111.89180633206283,Withdrawal,10.415534691901286,0
261,106.36427646136167,Purchase,11.777149409836037,0
393,107.10181654320323,Transfer,12.502569872868111,0
84,82.92309734356374,Purchase,10.420544763724298,0
1487,1510.2539875701018,Transfer,23.15452676812083,1
1101,2783.5354585684418,Transfer,37.81970505532951,1
702,150.88982087858523,Purchase,9.454262962646906,0
977,81.28668096022082,Purchase,9.939420829870041,0
1388,1645.7862152871123,Withdrawal,48.41439899670589,1
21,117.08486074693663,Purchase,11.177377546734505,0
144,81.41903780797068,Withdrawal,9.206117428278096,0
1255,1712.8332719282166,Transfer,36.90667474158474,1
1029,3964.7565410057896,Transfer,26.181420545909795,1
1018,3115.5189075570433,Withdrawal,41.213240317623004,1
293,112.06758202799135,Purchase,12.522832658398688,0
1131,1350.0743236807543,Withdrawal,45.08097775339819,1
1162,1716.319166179464,Transfer,28.468882993304025,1
858,73.25020704164622,Transfer,9.272438464413325,0
775,96.47736569921017,Transfer,7.344873306546181,0
630,82.70351114367463,Withdrawal,9.606018538296077,0
1330,1552.9464655168415,Transfer,38.97800184833822,1
1451,1263.3761361968986,Transfer,38.34783462936371,1
786,109.66836259536672,Transfer,13.292736331113506,0
373,112.49050187953813,Withdrawal,9.37304735307531,0
545,88.11082858306698,Purchase,9.427687667134323,0
1184,4251.183602789871,Withdrawal,26.203468263745293,1
132,106.67916336110142,Withdrawal,8.598880971674353,0
1424,1888.7653905688858,Withdrawal,26.551729543779654,1
1452,1667.7689316247788,Withdrawal,21.3774086043906,1
374,81.34402785684216,Withdrawal,11.693943606467544,0
1048,2831.964749151046,Withdrawal,30.06278417004512,1
212,96.34251274831196,Transfer,7.2626987961086265,0
1102,2227.4905025650246,Transfer,43.64743550442268,1
1231,2483.8010100765187,Transfer,23.848703432703473,1
28,69.97268071564649,Transfer,13.185344122926532,0
381,110.40780109400552,Transfer,9.971433083367064,0
1361,2420.578251345024,Withdrawal,44.997425767161786,1
769,117.61537127750981,Transfer,9.468467341277215,0
966,131.26051331357996,Withdrawal,7.232155506650842,0
650,68.33735624212963,Transfer,11.654271009915197,0
179,121.37933593045376,Purchase,11.259770526148044,0
314,106.7059196719869,Purchase,11.266666976517506,0
1431,3638.7207764243867,Transfer,39.127209728686765,1
73,88.99181139623127,Purchase,11.332729183758502,0
887,106.38023680731249,Withdrawal,8.921042969887543,0
337,84.93701695050946,Purchase,10.16702467694276,0
184,92.85515383357188,Withdrawal,8.095621940681912,0
787,97.37076535781384,Transfer,8.20755771219189,0
796,102.86678374805851,Withdrawal,9.674345479598959,0
253,122.28419695676419,Purchase,8.92576681389869,0
336,89.29014537334798,Withdrawal,11.88135896124773,0
1164,2829.1911197207505,Withdrawal,48.524685205723515,1
683,50.26097809849841,Withdrawal,11.00993084293318,0
1165,2232.0219210131286,Withdrawal,21.448761848240416,1
1042,3463.9472628184303,Withdrawal,42.47318573063211,1
220,75.3744119485075,Withdrawal,9.077424731500388,0
414,86.26592627052747,Transfer,9.663526376719858,0
494,95.27151922367648,Withdrawal,8.21876788996803,0
457,115.66798326350045,Purchase,8.840111359488402,0
735,116.83424023406236,Withdrawal,11.929796967300044,0
1069,4517.276343887435,Withdrawal,22.107232017155518,1
500,70.48231405157524,Transfer,11.402081535106074,0
53,114.82304407267752,Transfer,10.285458198746095,0
1284,2363.1259191715544,Withdrawal,47.9736144065754,1
1126,1873.7073593852913,Withdrawal,23.89244800828258,1
403,114.50123396733724,Transfer,5.707672512824164,0
818,101.07998822754361,Withdrawal,10.20509048202521,0
716,90.4147509920834,Withdrawal,5.520577141868786,0
433,84.47297410439364,Purchase,8.552027898346099,0
1148,2388.6452244751163,Withdrawal,43.97077431787234,1
548,116.10115086838056,Withdrawal,13.24733640226999,0
994,93.85562422175411,Withdrawal,10.642679870853673,0
324,71.1346348506024,Withdrawal,8.921128050218414,0
516,58.73964846503001,Withdrawal,9.906831547436523,0
567,95.72758969742048,Transfer,11.591802417439922,0
1043,2409.9121498858613,Withdrawal,46.447060342008626,1
1237,2145.8671067597224,Withdrawal,29.1999026377807,1
237,80.25831818060418,Withdrawal,7.6984382929498,0
473,117.25822904817385,Transfer,10.23420078504588,0
1434,2619.9421880318996,Withdrawal,42.97286894440704,1
228,86.14880793196336,Purchase,9.864207502596765,0
1444,3482.7372177819625,Withdrawal,36.567869010817894,1
252,71.8583559560227,Purchase,8.05991433899845,0
1028,4790.513957684972,Transfer,39.73405377362464,1
216,74.88651814439307,Purchase,13.162871859432357,0
1391,1554.719499866641,Withdrawal,31.443149981171032,1
481,75.10013344780225,Withdrawal,9.233591988659647,0
510,76.28873130579942,Withdrawal,11.37971347440424,0
1297,4825.033093988556,Transfer,39.076392457345534,1
861,91.4866018211365,Purchase,7.566567824444145,0
286,88.0415695139244,Transfer,11.363300590886594,0
642,94.8243133245187,Purchase,11.188331186056839,0
634,97.20858650357302,Purchase,7.766519693452558,0
97,100.79786380095972,Withdrawal,10.772482729010541,0
418,118.19277315329299,Purchase,9.16781270090623,0
805,76.6759001212327,Withdrawal,12.68585327498591,0
1488,1734.797532490043,Withdrawal,44.68679734805986,1
297,117.64333108322901,Withdrawal,8.143684487025732,0
1046,2443.2348987550586,Transfer,29.04702048919667,1
221,100.83123905829403,Withdrawal,11.768964151600054,0
1031,1950.918070975421,Transfer,27.50648999548489,1
519,101.2405749397321,Purchase,8.004601990859959,0
63,93.76186222188623,Withdrawal,12.593958179712187,0
656,73.92571206042273,Purchase,7.944234790856398,0
1246,2654.3103626139855,Transfer,28.423730330778582,1
800,88.6811084283621,Withdrawal,12.144954682152843,0
248,71.25475464822736,Withdrawal,10.092782756857448,0
118,91.41233462647045,Withdrawal,12.87669456732024,0
46,105.26084813918074,Transfer,10.325096323593003,0
1059,1059.4995282690363,Transfer,39.57635218772537,1
1140,1815.2101992692214,Withdrawal,23.875914918662183,1
1491,1684.8486623603158,Transfer,21.403505939881647,1
1481,3929.681732144552,Transfer,26.20791832103756,1
126,83.38378479861974,Withdrawal,12.336256569642861,0
1146,1032.583648439858,Transfer,42.74103970645975,1
431,133.59287337840286,Withdrawal,10.24861081659569,0
82,103.17539447469578,Withdrawal,10.011854454675309,0
54,135.48576291603428,Purchase,10.481130745668018,0
312,80.51814335446511,Transfer,12.899473202741861,0
817,66.0364023020376,Transfer,11.440986674321962,0
1068,1219.7826658102774,Transfer,48.04549582223585,1
20,91.98498117854639,Transfer,10.014664720191034,0
509,95.08520002595304,Withdrawal,12.178565129873721,0
898,121.31975694360966,Purchase,11.011521732592952,0
1240,1131.4708403168047,Transfer,34.50682127849795,1
684,102.48388396737666,Transfer,8.55045074745906,0
1419,1686.427000731151,Withdrawal,36.57899477445902,1
856,101.71889664276024,Purchase,8.92346844508094,0
1402,3879.982754184946,Transfer,35.62963585664701,1
490,82.16441796206645,Transfer,8.313605638004333,0
604,109.23944395399738,Purchase,6.199324033854465,0
978,84.93258443247149,Purchase,10.986131652352482,0
1060,4334.9878370316765,Transfer,29.169900282585967,1
1492,3381.8756333180822,Transfer,47.72353608750933,1
363,108.1928662462492,Purchase,8.652227227703941,0
1475,3700.5566183559067,Transfer,43.58298927104322,1
1002,2875.276040931194,Transfer,47.66113890419196,1
361,133.22542283003847,Purchase,10.181578911723077,0
836,139.57445873943436,Transfer,10.7730474037512,0
410,104.87080709120248,Transfer,9.323020431659026,0
576,95.45726380663103,Purchase,11.705016139490269,0
1154,4027.859701387616,Withdrawal,22.4434051752763,1
1398,4687.805272461522,Withdrawal,44.25416943013522,1
349,78.8005834829865,Transfer,9.425790877260166,0
749,106.89148244733018,Purchase,12.667002087487951,0
1207,2339.6045023174684,Withdrawal,47.82068112395909,1
1088,2479.5391673761123,Transfer,45.11940191319799,1
1036,3575.5951862130464,Withdrawal,41.548555912485774,1
458,94.36704826004159,Transfer,4.902091332433329,0
794,93.85824248797033,Purchase,13.891883908447923,0
38,112.31130146465846,Withdrawal,7.134988123589704,0
1056,4753.221434646262,Withdrawal,43.21224376774115,1
542,62.41434729543285,Purchase,9.825641321895699,0
272,106.80410960952256,Purchase,9.850533948223196,0
792,98.23359444481461,Transfer,13.651379108504576,0
1152,3469.9622897232002,Withdrawal,25.67292938957748,1
67,62.675188755856574,Purchase,9.955448009700705,0
518,106.50107474338657,Transfer,7.759947852556023,0
1311,2324.0080748634127,Transfer,29.300545047793847,1
826,99.32995791583654,Withdrawal,9.265502160505182,0
1157,2351.1758436900736,Withdrawal,38.6099988642195,1
1345,1627.4078962864635,Withdrawal,35.29831810598952,1
1299,4342.871023220385,Withdrawal,36.51398769954191,1
976,104.25139119842355,Transfer,11.603997111852951,0
1199,2123.2077544589,Withdrawal,24.673918743140884,1
1389,2592.8282173499165,Withdrawal,44.317364311092604,1
254,119.03406061441561,Withdrawal,11.365783779037589,0
1012,1697.704636693437,Transfer,34.740825265004034,1
543,90.25958467502188,Purchase,7.200404592704757,0
927,94.78473659165199,Transfer,11.369291315391635,0
526,106.95925041678377,Transfer,12.587720413732171,0
868,100.70526510253427,Withdrawal,10.197882543016247,0
924,151.30765268323918,Purchase,11.24241654661379,0
547,105.4869896264978,Withdrawal,9.908746057992419,0
195,98.14804158662335,Withdrawal,12.47103526830113,0
1450,2872.639380845342,Withdrawal,46.87607441394583,1
691,89.16811417763661,Purchase,10.452619036768434,0
342,93.74376267671951,Withdrawal,10.071135743792649,0
551,76.02469131295916,Purchase,10.201176191777337,0
597,103.02295796967353,Purchase,11.498253532712758,0
1252,3723.8562996556584,Withdrawal,35.72045905183627,1
536,115.80299799811628,Withdrawal,5.274392836751274,0
408,72.02908287703279,Purchase,10.18529720052905,0
188,76.51026615434708,Transfer,10.084476187309573,0
505,153.2449838004166,Withdrawal,10.374435744147254,0
1303,4897.929247669552,Withdrawal,22.988620444962123,1
860,102.07065277895074,Purchase,6.589375209657488,0
913,98.33252921837806,Transfer,8.21062410833576,0
788,86.17409175585374,Purchase,11.45734805084181,0
136,89.28320497032458,Purchase,9.72049625270917,0
14,120.83744184486062,Transfer,11.453666749513824,0
1317,1749.4766736891343,Withdrawal,28.956355257455787,1
1485,2523.256222593931,Withdrawal,22.573857903076068,1
1044,2864.718685029191,Transfer,38.311965051658056,1
452,143.4992194883817,Purchase,12.140382329099877,0
1490,1684.6795874745967,Transfer,22.783408178329815,1
152,117.23600499488352,Withdrawal,6.0128196890653,0
866,88.42857868240839,Purchase,8.85884234687735,0
164,61.38294660887208,Purchase,9.94670114469903,0
674,79.69363048091097,Purchase,8.936272239938742,0
617,117.148632595601,Purchase,10.409556166818245,0
1142,3516.478321954729,Transfer,39.415714410088356,1
1188,1836.6515647413926,Withdrawal,42.375316221971374,1
835,116.121228286291,Purchase,10.571603635128648,0
1269,1956.3673302925722,Transfer,34.937813863918365,1
970,116.61268561973762,Purchase,11.313993403888727,0
299,89.81663937543672,Purchase,7.25612779751296,0
781,104.30945231942913,Purchase,9.16036211687454,0
1500,4655.446893961191,Withdrawal,28.622345831910906,1
1374,3727.964104362055,Withdrawal,41.90559247737882,1
1378,3106.2338761928077,Transfer,22.02920138137804,1
25,89.6857634692659,Withdrawal,10.770861690317096,0
226,99.33898211914756,Transfer,10.303303349619965,0
892,83.35597376008683,Withdrawal,11.039262988104205,0
619,51.83442815164036,Withdrawal,11.951714118066736,0
96,119.32966592796544,Purchase,11.174096447513074,0
886,69.32833769663945,Withdrawal,10.214716551831712,0
1329,1803.7080222661568,Withdrawal,24.447561210287038,1
852,96.73694851267427,Withdrawal,10.09893124222694,0
1290,3595.133547482568,Transfer,47.08906133362618,1
134,101.95472322619388,Transfer,10.851021029360385,0
108,58.77589596534759,Withdrawal,10.459962493794304,0
190,100.59922025176236,Purchase,10.853577221700062,0
1422,2319.361080975927,Transfer,31.83029375041322,1
1464,3729.8360311820397,Transfer,27.905527731700328,1
174,102.44026916341399,Purchase,12.125855885555318,0
317,109.24835769627023,Withdrawal,11.043850055271658,0
1209,3250.3116592058163,Transfer,20.517673698792493,1
1174,4238.53987964105,Withdrawal,45.9222494432579,1
895,96.22327239459156,Withdrawal,9.9971207470326,0
328,73.42416940661894,Withdrawal,13.090803903038367,0
385,87.49663518797144,Transfer,12.758924470220952,0
1364,2395.9514842056124,Transfer,41.93617577005876,1
879,79.86951052134654,Withdrawal,13.248933207440727,0
686,131.49759565551298,Transfer,12.975678466841483,0
1318,4595.252459338794,Transfer,45.18075929592415,1
203,124.96714766361255,Transfer,10.977299195793083,0
926,90.091512707039,Withdrawal,10.069364580899638,0
1406,1916.3321510460958,Withdrawal,33.136384103272746,1
331,90.58882206504549,Purchase,9.556945180165343,0
1339,3059.074506722886,Transfer,28.25697038162838,1
1051,3702.588090708769,Transfer,39.283895917458466,1
1357,1356.7223095908935,Transfer,48.27184427909909,1
303,110.53098424129394,Transfer,9.73344966003006,0
1149,3436.3029255539946,Withdrawal,23.957780766319864,1
76,133.4471799248132,Withdrawal,12.583932711556097,0
92,101.83415943442023,Transfer,6.978820904869514,0
558,96.18925257606816,Transfer,8.822653664210959,0
1127,3681.0430293751992,Transfer,35.37785198788826,1
29,115.9326814877582,Transfer,8.603558850511888,0
614,81.92767433299946,Withdrawal,14.170934784816696,0
149,110.99844520499035,Withdrawal,10.332214717752306,0
820,73.32935070917128,Purchase,10.891603681227146,0
450,75.9590544007824,Transfer,11.403014712483175,0
369,91.72284206223406,Purchase,9.557108408833244,0
74,82.66765348777403,Purchase,9.280784100086665,0
289,94.38055321922785,Purchase,12.702827555333727,0
472,73.12803556922276,Withdrawal,12.255615677529718,0
1177,1784.0631804732398,Withdrawal,49.627581069072974,1
287,90.04162408451796,Transfer,8.07863552907915,0
524,124.79600112909894,Purchase,12.031779658784625,0
778,107.34262120054973,Transfer,8.01830679867639,0
987,80.25614417387864,Withdrawal,7.020538030037656,0
790,96.10286841475154,Transfer,12.478778374742943,0
1070,2993.48184616824,Withdrawal,42.47525806013195,1
961,103.17731535070624,Purchase,6.976573534852488,0
644,95.49595250839168,Transfer,8.876497590471043,0
1496,2583.4665565282694,Withdrawal,25.437603817037274,1
202,85.31508135358234,Withdrawal,7.744928764139786,0
829,105.48326987619296,Purchase,8.289047002732481,0
950,96.71671385702189,Withdrawal,9.243800727465025,0
198,114.34239675447667,Transfer,9.254534127309835,0
362,138.4825709536335,Withdrawal,9.246454060736582,0
1090,1145.3664960960652,Withdrawal,46.9817494516056,1
66,98.60815753360001,Purchase,8.021659882968166,0
521,109.48260678050752,Withdrawal,9.978177976194987,0
736,116.68886752164445,Purchase,9.776591884124889,0
432,52.85179304318413,Transfer,9.923930078249054,0
47,68.83438854497511,Transfer,11.310401238179189,0
114,109.9625161074951,Withdrawal,9.337658777627512,0
1227,3291.9468867607216,Transfer,32.11052713217876,1
1000,109.21964091825002,Purchase,12.899594500314988,0
579,75.80619073536543,Withdrawal,5.683825480855167,0
1114,1972.6827470603694,Transfer,32.26477955867688,1
1201,1257.5725976986078,Withdrawal,45.439356797805715,1
219,83.32519093830473,Purchase,12.792418567013879,0
1241,1452.8723867054393,Withdrawal,30.424095850509726,1
56,78.33847740349835,Transfer,10.983551858012481,0
770,96.22769726952005,Transfer,9.142876485481882,0
915,55.02934682104363,Transfer,10.481774695793883,0
68,110.06341763605903,Purchase,10.156372098148218,0
522,139.07742081414005,Purchase,8.984301561025896,0
1272,3576.566967924436,Withdrawal,36.49322948435825,1
60,125.92979175684529,Transfer,9.69260504557184,0
752,75.28474456354124,Purchase,7.232573736599919,0
681,126.84549739231782,Purchase,10.13274975469549,0
180,119.56747934292413,Purchase,12.446176330397282,0
556,86.0415154671175,Transfer,11.380069879396988,0
231,109.17736480886157,Purchase,8.041756716573605,0
514,131.75960414753558,Withdrawal,11.035378410723274,0
997,98.76748299143675,Purchase,10.989615704240789,0
122,83.51309301207174,Withdrawal,8.486167567772796,0
1010,4669.87606669717,Withdrawal,46.91837478608923,1
124,114.9006162687802,Purchase,8.815711456842884,0
200,130.6962723528242,Withdrawal,11.378068147542646,0
762,116.64814726297304,Transfer,9.726293352919903,0
81,101.87067969386499,Withdrawal,14.875931643040893,0
1023,1868.6006411274407,Withdrawal,46.77392121322967,1
6,116.31344302172752,Transfer,11.16859955227742,0
262,98.24355729903394,Withdrawal,9.525816562072896,0
44,97.6332861996446,Purchase,9.567003545957192,0
1137,4204.866852403981,Withdrawal,31.566593136015513,1
395,98.21766902625491,Transfer,8.445189174920817,0
921,50.421778902639964,Purchase,9.300960415027001,0
394,105.66415056991532,Purchase,6.899539822702895,0
1111,4501.376138072917,Transfer,33.14947282189172,1
855,127.89654285453163,Purchase,10.890795581999638,0
444,107.32239654981406,Transfer,12.171030314679916,0
885,130.6210363709779,Transfer,8.004454879634538,0
1382,2701.96941240672,Transfer,47.461249620240736,1
616,116.1168858847397,Transfer,10.731068799871139,0
1215,3860.714909747356,Withdrawal,48.00862900716556,1
1025,2083.686793265517,Transfer,34.54808478310497,1
815,139.422890705768,Transfer,12.736608788690738,0
1099,2165.8005433233393,Withdrawal,21.429567818421276,1
185,78.25394837704795,Purchase,7.439804460565453,0
1008,2182.8045927753533,Transfer,29.828061792641037,1
528,70.01425316235007,Withdrawal,8.222755784268882,0
199,108.90941844998682,Purchase,10.026613405729611,0
402,110.35470532294799,Transfer,12.120697683180762,0
321,100.66507919657535,Transfer,6.144902100124108,0
1352,4543.70435511694,Transfer,31.048030565329782,1
1262,2364.5631321542105,Withdrawal,31.828208952179416,1
70,113.52081528748465,Transfer,7.101950247075412,0
608,77.6479995969018,Purchase,10.340078068089007,0
834,75.18372369856193,Withdrawal,13.004512411901679,0
712,100.00912219426722,Withdrawal,6.741744786719657,0
1040,4169.927575143893,Transfer,39.0644973249301,1
1182,1944.5648695880222,Transfer,48.333957610339645,1
1448,3765.24645124883,Withdrawal,41.85864389038991,1
1133,1469.9830211455164,Withdrawal,28.299847152687747,1
1224,1508.0076745675149,Withdrawal,43.024927288244854,1
667,53.10403146321931,Withdrawal,9.060723626996623,0
934,100.13247589477608,Withdrawal,11.462091693140971,0
1433,4009.514283279767,Withdrawal,41.64777010809821,1
941,119.79123492100337,Purchase,11.276188279388178,0
517,71.75575713887955,Purchase,10.051089105646176,0
670,96.74608649834705,Withdrawal,11.391841226546394,0
1277,4595.761851011701,Withdrawal,44.90488924352371,1
178,118.22263105124881,Withdrawal,7.376574593914357,0
872,93.8849543725444,Transfer,10.406024191710268,0
689,105.203383646632,Purchase,11.488762660957459,0
332,128.5997278622858,Purchase,10.72868912938962,0
255,76.50397913308062,Transfer,10.99178751830473,0
1210,1344.0216215213486,Transfer,45.14838192581722,1
881,93.13232644837278,Purchase,9.9410730136188,0
1095,4093.1454320539456,Transfer,22.04344332900933,1
1266,4315.952161078665,Withdrawal,21.959241936871994,1
1407,2515.232544147218,Withdrawal,39.879609480697816,1
1160,1907.9520045995423,Transfer,22.76643973987963,1
1243,1622.9487594011691,Withdrawal,22.993598601043995,1
1155,1558.2950691236456,Withdrawal,42.3679598368927,1
1341,2681.4751980622127,Transfer,33.58744542838919,1
531,146.98897930536367,Transfer,9.683104089739988,0
537,83.13674924765682,Purchase,7.624355033192993,0
705,106.28951630562891,Withdrawal,8.169021381716126,0
197,107.56764130856904,Withdrawal,8.792254474994131,0
742,120.7265426341653,Purchase,10.89764102762775,0
920,62.30807934052074,Withdrawal,13.074127103063091,0
747,141.0441257017513,Transfer,10.70007747773581,0
471,77.37584768753955,Purchase,12.467112976936699,0
588,94.82009264823854,Transfer,9.653766802817731,0
1474,2955.4764501767004,Withdrawal,47.91435975033174,1
368,68.02836181990484,Withdrawal,12.087617435512835,0
121,117.64937393012846,Purchase,9.806619029597332,0
483,62.94302740656457,Transfer,9.837389655922536,0
759,121.7166568674224,Transfer,7.531688389106754,0
33,109.91348000257338,Purchase,8.487589104936314,0
120,144.05714617806638,Purchase,10.940965153091637,0
1001,2454.889300296104,Transfer,46.064155169819756,1
468,90.27160920731527,Transfer,5.857618088154829,0
1265,1788.6173848683704,Transfer,23.298408533430795,1
364,86.92405549731286,Transfer,6.65802595445387,0
333,73.19273438615687,Purchase,7.54484149148986,0
1122,4481.143539966325,Withdrawal,41.538650681762626,1
1280,4676.67505721814,Transfer,46.36995322605966,1
1386,3498.5836070786195,Withdrawal,34.39059413011265,1
1096,2243.8126885045494,Withdrawal,33.94179556161584,1
1256,3715.969941263933,Transfer,26.98336082596352,1
280,53.29624525851776,Transfer,8.577302177094275,0
194,106.06405502542135,Withdrawal,11.852566678989081,0
772,114.56533693842913,Transfer,12.066193686376495,0
23,88.03783269142102,Withdrawal,9.563211698380778,0
864,101.68338348542565,Purchase,8.113763290623591,0
1333,4525.024895194301,Withdrawal,27.58251794426072,1
1027,2688.782607079062,Withdrawal,31.91229451168853,1
1425,3403.418158938865,Withdrawal,39.671799607278885,1
478,94.32558660245006,Purchase,4.256310602746074,0
943,139.49829246181747,Transfer,12.754841930947592,0
992,104.50474566830576,Withdrawal,8.735876872970502,0
348,76.35906616486847,Withdrawal,6.495762212917166,0
1197,2990.8645435154294,Transfer,33.18318012148505,1
1322,4032.2926504072902,Withdrawal,22.36000985468335,1
400,116.62271002776049,Purchase,10.4151158794712,0
910,89.0140317276298,Transfer,10.244849148301604,0
1408,4408.204071170301,Withdrawal,27.850322841753066,1
428,106.58056720176823,Withdrawal,8.305938724215183,0
204,101.96137993203146,Withdrawal,13.218965463787054,0
956,109.63580293115444,Transfer,10.992083053475993,0
102,94.78926832717201,Withdrawal,11.7252062878333,0
451,99.55849393060787,Withdrawal,9.099013096056108,0
1214,2417.3241621421075,Withdrawal,31.0025680794223,1
651,115.10048987188343,Transfer,7.816478846025727,0
1244,1941.4483446990284,Transfer,33.489548695283084,1
1397,4464.685741918693,Withdrawal,24.495577459677857,1
557,42.81362962460587,Transfer,10.705793637162085,0
914,105.32439235202008,Withdrawal,11.548231158766388,0
1153,4040.071964364404,Withdrawal,39.95354002650557,1
1081,2110.2635380711863,Withdrawal,45.997103580645785,1
525,98.21959889124709,Withdrawal,10.075361362891263,0
904,96.89990783718078,Purchase,13.155947358867959,0
813,89.83259021688791,Withdrawal,12.360130188149801,0
842,129.0647415439245,Withdrawal,11.450753985364525,0
345,97.57800182047544,Transfer,11.252709718011637,0
622,115.77995725148577,Withdrawal,8.265469732399827,0
621,65.26735758982716,Withdrawal,6.676833436917371,0
277,102.59221508837368,Transfer,9.366011205406812,0
635,123.22282637786442,Withdrawal,9.70896870553021,0
421,73.6262569228499,Transfer,11.034016199516728,0
1427,2869.5211437893663,Withdrawal,38.14788321068809,1
79,120.55964779240594,Transfer,11.292334966203583,0
874,147.09234660483926,Purchase,6.72942912479415,0
192,123.06227231271552,Withdrawal,9.71616988097028,0
880,88.91499782939384,Purchase,11.810601368561379,0
129,119.07261275120976,Withdrawal,8.592370864143799,0
1119,1407.358273634923,Withdrawal,23.57986790344099,1
841,94.27970457529668,Withdrawal,7.752047941981232,0
1326,4069.4915045205985,Transfer,32.74684793031838,1
729,52.87674476061448,Transfer,14.208858528853245,0
894,95.33228714322502,Withdrawal,9.597242186228405,0
902,80.8037280495078,Purchase,6.459436983576811,0
603,110.69058515785575,Purchase,12.803625806480536,0
222,90.81048464353343,Withdrawal,7.238761234098716,0
1107,3948.817378392325,Transfer,42.02184424727223,1
1015,1568.9206719764966,Transfer,47.0579359603178,1
270,106.59412940847346,Purchase,9.45658915439396,0
1383,1778.8064458745896,Transfer,34.62299055562391,1
661,60.991309692561536,Withdrawal,8.868047525887034,0
1163,2970.6245284061542,Withdrawal,38.12318506904286,1
137,102.7025199503458,Withdrawal,10.319608115577243,0
1332,2438.630800990465,Transfer,47.27036952971106,1
16,139.31302123242313,Transfer,7.194997081515941,0
1380,4940.163749726629,Transfer,28.301841569682225,1
983,87.06947679255514,Transfer,13.422604631880649,0
883,125.57102536019337,Withdrawal,11.335520541542536,0
515,110.61608268808169,Purchase,11.868246293049312,0
1087,2892.621250501904,Withdrawal,43.10616246674195,1
761,89.7343141452871,Purchase,10.775818489199112,0
325,124.39699907383135,Transfer,9.230108345685377,0
1052,1244.94878937857,Withdrawal,26.135421305886304,1
258,105.96810886177309,Transfer,11.571262196656232,0
507,73.27662199754602,Purchase,12.25245402498691,0
304,97.73121159477702,Withdrawal,12.954632783821317,0
803,109.36458165995126,Withdrawal,9.034572084813453,0
154,156.72014489419,Withdrawal,8.527863579996819,0
1198,1780.7860900000874,Transfer,25.23794853597066,1
972,114.15027073202756,Purchase,11.243580329527672,0
1176,1764.3622455593406,Transfer,44.505843696563346,1
1356,4573.709575986095,Withdrawal,44.8178171882937,1
929,119.79229157512603,Transfer,9.443577221701082,0
974,106.47867347860183,Transfer,8.85122010267961,0
1062,3556.6528217623995,Transfer,25.481900470730277,1
797,118.31850289885926,Purchase,13.869512342235085,0
1080,2332.2233894576557,Withdrawal,24.552001660779876,1
1098,4567.2675993406565,Withdrawal,36.89926896906542,1
631,109.62241797347828,Purchase,9.88697374085406,0
538,113.93807303511258,Purchase,11.581154852966192,0
1499,1432.1511470034718,Transfer,49.35360691759445,1
1120,2837.6340373318662,Withdrawal,47.16328105800328,1
986,94.15548183290709,Withdrawal,12.227763906493687,0
88,86.78544106601416,Withdrawal,9.533577259344469,0
1325,1934.731347067841,Withdrawal,26.0829179112054,1
182,145.69121727448456,Withdrawal,6.458280008357173,0
250,126.34459111971782,Transfer,7.379504363293728,0
938,101.97513679230758,Withdrawal,11.97053518771557,0
319,70.82178154303918,Transfer,10.631840589528245,0
1186,2268.5604090819265,Transfer,39.502482689803685,1
1289,3728.017493523015,Withdrawal,39.55687160351839,1
1327,1467.126395590225,Withdrawal,35.184141699235056,1
960,99.99766302586107,Withdrawal,12.235333197106042,0
1063,1254.9525781257169,Withdrawal,35.011192052731744,1
798,78.75769181531545,Transfer,14.033380625641541,0
353,49.00363581789178,Transfer,8.417009589337088,0
1195,1167.4648092270586,Transfer,42.72062866563668,1
1049,2197.5308943418077,Transfer,30.721760749229837,1
232,91.12477772273243,Transfer,10.447897697923956,0
582,124.83138668444627,Transfer,9.731302650479522,0
454,76.97498124007868,Transfer,10.841430486995256,0
811,71.40590512937226,Transfer,10.922579284430013,0
1379,2784.7632370817905,Withdrawal,36.27646340173531,1
413,101.65659434037774,Withdrawal,8.979130972548077,0
668,122.07446489926976,Withdrawal,9.913242075416681,0
492,101.52448127208615,Withdrawal,7.284536145014481,0
449,94.96702355215689,Withdrawal,12.307256141986018,0
61,81.04551629478169,Purchase,10.304124907550204,0
407,98.00934346512871,Purchase,13.827203987366444,0
1420,3915.885423710059,Transfer,22.085724650929563,1
323,83.1552399771509,Withdrawal,9.854056409417815,0
876,106.23033279494365,Withdrawal,12.24317187466993,0
99,84.72132349229535,Transfer,8.055261065925068,0
1103,4233.965779628827,Transfer,39.979670554789614,1
459,78.75663052619275,Purchase,11.211680389786832,0
135,103.11894381369314,Withdrawal,7.097961417206243,0
1110,4546.278099911333,Transfer,36.25644656225309,1
1041,1511.2450474597065,Transfer,44.21859182196091,1
1217,1991.4602941571384,Transfer,36.742494403387646,1
1343,2203.9752136946,Transfer,21.44578936927054,1
103,77.28313979385626,Purchase,9.708424889373662,0
1415,2774.215742808586,Withdrawal,34.34728268726853,1
1467,2411.837038339814,Withdrawal,35.59210657816107,1
615,75.95970855093002,Purchase,9.378613148079815,0
1138,2543.0266424960937,Withdrawal,29.76876093748323,1
247,129.78870736085517,Withdrawal,12.410224147580896,0
104,104.6505327848949,Purchase,10.02815745393842,0
1340,3259.3907814033037,Withdrawal,41.42413053082335,1
339,95.45535930167429,Withdrawal,9.769469605037445,0
1136,3756.3594207585497,Transfer,44.45017160665368,1
296,74.66923861416753,Purchase,9.664998701155941,0
546,73.2674445976435,Withdrawal,10.275286615571543,0
569,91.87126656126222,Transfer,9.159256921140349,0
636,83.22939796079622,Transfer,9.053832170497262,0
1108,4261.479734861311,Withdrawal,47.760467276553584,1
1414,4058.659224089902,Transfer,40.407094728980944,1
609,124.71947897011405,Transfer,10.154244395614636,0
1370,1453.6652213029595,Transfer,38.007032398690654,1
1032,1792.4028613071505,Withdrawal,36.17946858897953,1
995,101.32165791177854,Purchase,8.761986305971652,0
850,119.59725429168263,Purchase,10.073190305848955,0
375,79.28234072802329,Withdrawal,11.008939772808498,0
59,71.28451313727318,Transfer,10.918520791971593,0
846,121.61737683517092,Withdrawal,6.282600870689291,0
1185,4702.956059108419,Transfer,39.108534636059915,1
801,87.11793899821498,Purchase,10.994620742308378,0
628,109.83557692039341,Transfer,9.865438956720466,0
954,105.52842555541042,Transfer,7.412580912040877,0
460,103.68617720344749,Withdrawal,11.674317971892888,0
1358,2236.315214431118,Transfer,47.00747932021408,1
1037,4257.644383190199,Withdrawal,28.518330833393815,1
170,103.08590122309023,Transfer,13.34121070666212,0
1405,2379.08739672035,Withdrawal,37.168973754632916,1
613,117.65760688889236,Transfer,10.169219815094234,0
446,147.50548629492562,Purchase,11.355415033119577,0
1058,4271.777110340807,Withdrawal,27.96632267024258,1
1109,2673.2687188740474,Transfer,49.944333062568596,1
1399,1174.0867221734813,Withdrawal,30.984588868547355,1
1355,2146.667847783825,Withdrawal,48.96378110129708,1
1054,1856.4285968446961,Withdrawal,25.225379954821097,1
1097,3371.928654179831,Transfer,48.77287825567205,1
746,123.47390124849032,Purchase,9.635304958875897,0
1456,1474.1794818352205,Withdrawal,38.88574744568163,1
106,60.782093428707796,Purchase,9.328221811841667,0
405,59.71126830657453,Withdrawal,7.237833167772072,0
501,116.92666449538518,Purchase,11.877751281403064,0
173,116.12976718089199,Transfer,9.571895579809071,0
320,87.4076585262984,Transfer,9.583063153755898,0
1200,3639.3831326028426,Transfer,38.5949533095645,1
720,88.17395767782462,Transfer,11.135941320124333,0
419,99.10206304370772,Transfer,12.369107325939938,0
236,122.50789701920827,Withdrawal,11.021388536233363,0
210,102.70141827340639,Transfer,12.241730955240685,0
682,109.4650012759457,Purchase,13.428713610979553,0
539,117.86453491205083,Purchase,10.021204663787344,0
730,75.7893310065565,Transfer,9.39713506550645,0
1368,4986.048648481909,Withdrawal,48.0014982677838,1
1118,2487.2126154417424,Transfer,32.16981623087571,1
95,114.83256150932056,Purchase,10.051363047041525,0
382,101.71846708146423,Transfer,8.338951552281088,0
257,99.80658402142043,Purchase,13.003065515845895,0
738,113.33658896272952,Purchase,11.500710645201316,0
1313,2132.23176201591,Withdrawal,48.29609340654315,1
1235,2725.1590121241225,Transfer,27.6304467573835,1
952,134.9036898245369,Purchase,8.182836414460322,0
754,104.91154050402957,Transfer,10.300847603233507,0
447,125.45850141865137,Withdrawal,11.475783814213807,0
223,103.20350268524894,Withdrawal,9.562805174080802,0
784,85.03569020207226,Withdrawal,10.986187303502675,0
606,79.640560047949,Transfer,12.394813150342546,0
808,112.64126529779384,Transfer,8.246196424874562,0
928,121.13041984877088,Purchase,11.798254500135526,0
1416,2823.8348628003587,Transfer,23.849729483118537,1
123,70.33533512110978,Withdrawal,7.95340279338024,0
467,89.59821262809828,Withdrawal,13.812946270631123,0
795,89.4531276149542,Purchase,9.696690000664718,0
482,87.10563424875627,Withdrawal,8.750087828616927,0
990,85.04354205760222,Purchase,11.131583155935845,0
658,129.46978625775756,Purchase,10.972957226841423,0
1084,4229.635590362424,Transfer,31.0699405377088,1
717,76.0050980365107,Transfer,10.814780505167642,0
840,89.54508752939694,Purchase,8.604929371308499,0
1106,2362.441066968562,Withdrawal,24.989561645935343,1
465,89.30870582235107,Withdrawal,11.406555589168143,0
57,64.60619942051093,Purchase,10.450511580935638,0
936,120.92800683578851,Withdrawal,12.604421028539294,0
799,86.44486172776152,Transfer,11.511688332219293,0
643,82.38831886203403,Withdrawal,13.113085218378657,0
727,110.959141524049,Transfer,11.417861283762187,0
376,90.2099390157131,Transfer,10.237753755484473,0
227,100.59340948901375,Purchase,7.751745748952387,0
415,66.25805565220847,Transfer,11.835142730627492,0
117,106.16495108473026,Withdrawal,9.140736421194438,0
1208,2649.4556429976983,Withdrawal,32.850100791982854,1
1205,1370.0269717735791,Withdrawal,36.28807784462122,1
1483,1033.8112925376665,Withdrawal,35.530656145081124,1
758,124.2395622185302,Withdrawal,9.494832944708234,0
150,94.23720984902309,Withdrawal,8.101723590288884,0
316,97.06231381044233,Transfer,14.296873888206767,0
193,118.83431187032151,Transfer,11.816019173606236,0
909,94.74020435124443,Purchase,12.94485481185422,0
897,87.8612702386928,Transfer,7.04375456079657,0
462,72.18445441901333,Transfer,7.994198730685772,0
32,105.2735139715004,Transfer,9.223281908389188,0
559,38.93877881025383,Withdrawal,9.264757136702364,0
455,100.72207250040884,Withdrawal,10.512583381822841,0
119,85.22918061805896,Withdrawal,11.055212523330436,0
11,72.37698217837527,Purchase,8.993022372504862,0
529,122.70380640206902,Purchase,6.187085701045728,0
330,93.64907719484302,Transfer,9.290165215664054,0
1247,2416.919348057812,Withdrawal,44.301262441511945,1
533,112.23418437115906,Purchase,12.967916755803355,0
601,117.84193234146254,Transfer,11.668638189376455,0
266,102.24691194829711,Transfer,10.03727173380556,0
739,122.64359255254743,Transfer,5.933876345592855,0
22,101.47436047848228,Purchase,12.46981327563462,0
86,112.76750218035488,Transfer,7.74095722455904,0
141,135.40351912202124,Withdrawal,8.541450638818352,0
1304,3490.693673599799,Withdrawal,31.956656296813776,1
310,96.57666102916905,Withdrawal,9.953872405761308,0
417,81.5931123864284,Withdrawal,7.05757660191364,0
480,72.10853413840626,Purchase,7.58300594901689,0
586,102.50700849293537,Transfer,7.901105505031197,0
440,134.96264471039342,Withdrawal,11.545676265713007,0
224,134.7697486950011,Transfer,7.455052464712909,0
774,121.88268049666283,Withdrawal,9.009399326990883,0
1220,3444.359956813586,Withdrawal,25.868439356888953,1
370,103.76713958375039,Purchase,8.656555753911046,0
1191,4854.306351791689,Withdrawal,23.93804304025483,1
740,109.09860590307694,Purchase,12.031984901075708,0
1283,2011.0214176631348,Withdrawal,34.00227457803994,1
652,87.87800841942484,Withdrawal,11.909672086152556,0
1298,2864.9805036521475,Transfer,23.82831295127536,1
246,83.75360086066657,Transfer,11.008826285472296,0
599,94.81203526630405,Purchase,12.600962760082059,0
1125,2237.4835871995892,Withdrawal,43.03086568259838,1
1047,1671.558053265001,Transfer,26.79609614483435,1
751,75.66117814022513,Withdrawal,10.399875148820861,0
731,99.3407711443099,Withdrawal,8.337101391053588,0
355,63.63712361416373,Transfer,12.650901899935027,0
1249,2248.6787966403176,Withdrawal,32.82867304252536,1
133,134.84130888081597,Purchase,8.887545236754962,0
703,94.22298891136302,Transfer,12.099831040205594,0
271,101.87707026959922,Withdrawal,9.235384365951319,0
51,55.45422998642924,Purchase,12.27330450003821,0
1079,4712.435157595926,Withdrawal,36.021821038724795,1
767,72.7963430406767,Purchase,9.60830513202887,0
837,92.86457320434296,Purchase,10.943753081654917,0
931,90.82938251711124,Withdrawal,9.984979232760441,0
896,110.15383129560787,Withdrawal,10.286532525820734,0
138,81.71527438796217,Withdrawal,10.033861667141784,0
259,91.8012557462284,Purchase,9.366254911326994,0
1417,1658.1610955500335,Transfer,31.9543192914283,1
581,103.6959103661243,Withdrawal,7.752948944001233,0
251,116.88071920830212,Purchase,12.975726835855312,0
1105,2665.119988237712,Transfer,49.20991909139751,1
1413,2836.1576907828685,Withdrawal,46.508253544425585,1
554,111.90460618332816,Withdrawal,13.272889146307634,0
215,108.87111383476358,Withdrawal,5.484118814345749,0
980,99.29058202937183,Purchase,6.240729324544912,0
453,98.88357623487104,Withdrawal,10.714674874190766,0
3,128.25702306954256,Purchase,8.51303757540505,0
1144,4672.102963679657,Transfer,23.497334288447888,1
753,109.40712379527106,Withdrawal,8.518889477151204,0
724,126.3505380337201,Withdrawal,9.140434606341932,0
1334,3248.256561462256,Withdrawal,29.527063669503,1
594,127.44915878176357,Purchase,5.1741450312156445,0
871,114.11000849675987,Transfer,11.894660629956253,0
1076,1280.0997918190803,Transfer,32.203592188799846,1
26,82.54043988848619,Withdrawal,10.269566937958345,0
1014,1753.380131887118,Transfer,46.151783952692014,1
218,97.58120796575817,Transfer,10.145864013590398,0
1030,3312.835749931995,Withdrawal,41.9793044467701,1
1410,4220.372866142401,Withdrawal,39.095965920169256,1
1113,2516.2866232497163,Withdrawal,48.31536436324996,1
565,93.79003011066209,Purchase,7.265450891409294,0
131,109.08767738711842,Transfer,8.966599591961595,0
1194,3874.2654580799394,Withdrawal,46.58250404777401,1
540,144.90844085767333,Purchase,9.129291182145863,0
1494,4532.012689719452,Withdrawal,45.21471706932809,1
649,127.13444780753295,Transfer,10.882450121088427,0
347,85.60815896297409,Transfer,13.854424337464629,0
305,113.53500598670429,Withdrawal,10.114588046845308,0
564,108.93884419624715,Purchase,7.719787232610049,0
476,99.65847711644298,Withdrawal,9.989823193582424,0
1128,1353.3601549604443,Withdrawal,40.61552076776657,1
283,148.83417773940573,Purchase,10.330288940888906,0
714,99.36872550505825,Withdrawal,11.337884256691362,0
107,103.98606337327017,Transfer,12.442874223572769,0
637,74.39783670750757,Transfer,11.547232925960149,0
282,66.64177850230502,Transfer,9.719317505620287,0
692,123.7481006816866,Purchase,9.932876390834133,0
699,67.77210282701938,Purchase,8.515207405979728,0
947,83.74521031281887,Transfer,12.412576351562159,0
940,92.1074888719529,Purchase,11.489524239567704,0
741,127.96950763987508,Transfer,11.442530576498406,0
1367,2418.181804764348,Withdrawal,42.13042081322517,1
1193,2018.4465212703576,Transfer,38.24600124756136,1
1439,3901.571060549096,Transfer,25.700232683176086,1
315,124.14730257780246,Purchase,9.655006446629177,0
479,117.60542971018106,Withdrawal,6.346778468295181,0
196,87.05423202971184,Transfer,10.467218483760478,0
733,110.88855344232665,Purchase,10.229965141267268,0
1115,2507.3009633811444,Withdrawal,43.762972970388816,1
1034,4561.048568604928,Transfer,45.8120529092474,1
358,119.91274634955516,Withdrawal,13.870478476678693,0
1353,1858.1125572193037,Withdrawal,46.91688163128242,1
726,85.18083851577133,Withdrawal,4.216240861080753,0
1230,3017.2802233512075,Transfer,32.73278118524346,1
704,73.56591561638186,Purchase,11.344273235120388,0
1288,2724.711041832921,Withdrawal,48.118428522857826,1
646,87.3785224502625,Withdrawal,4.733955939469312,0
1045,4809.428425716084,Transfer,32.93373475652969,1
666,124.05788575690752,Withdrawal,10.347878560583899,0
1190,4740.236293759858,Transfer,22.013502294237163,1
1071,1666.6544917320057,Withdrawal,28.95999241837927,1
1273,4131.1714773416115,Withdrawal,48.712548990343464,1
346,104.13942473296567,Purchase,10.474761088753628,0
1234,4250.0173674140915,Withdrawal,36.27245757080183,1
719,110.3744929847855,Purchase,9.168705594348602,0
291,117.76402838149185,Transfer,5.003878146285459,0
1250,4160.674268667339,Transfer,30.021331087879176,1
10,110.92644612988603,Purchase,13.003932233431975,0
1222,2523.6678861792866,Transfer,23.789313676700566,1
553,121.7781415382,Purchase,9.999757044894464,0
707,88.5463644065844,Transfer,8.953878361773999,0
110,77.27562666554856,Withdrawal,10.042258629627678,0
1275,2986.0616996871604,Withdrawal,32.578783135397046,1
235,79.69653775428218,Purchase,9.768631728982651,0
906,111.28836481011271,Withdrawal,9.22313343820506,0
562,113.36460749974917,Transfer,6.51523303121343,0
675,128.5407697348783,Purchase,9.562759323954177,0
1085,2429.32879967655,Transfer,25.854543717912136,1
1497,1170.52296517631,Transfer,26.323919388778997,1
42,98.69643959501536,Purchase,12.13081527558292,0
755,113.19319810478378,Transfer,11.07427009304251,0
416,131.3916650878362,Withdrawal,11.465345314222482,0
484,125.20255267261632,Withdrawal,11.58125842549407,0
264,103.82351147637476,Withdrawal,13.132247384208457,0
243,81.11106357638559,Purchase,12.384375527035594,0
693,80.6077232347761,Withdrawal,12.2353467335578,0
1021,2338.123848293043,Withdrawal,42.3587304921858,1
722,74.63403757078854,Purchase,12.913050719817376,0
612,104.44447334219711,Purchase,7.275094905701855,0
1055,2360.401598070611,Withdrawal,49.455374553856096,1
40,162.3142356605552,Purchase,11.467824310230935,0
1022,4281.050276644499,Withdrawal,39.516689819774754,1
94,121.48113790513219,Withdrawal,7.000012147792022,0
1007,1881.0423091892148,Withdrawal,43.66948274076315,1
1453,4627.893000162425,Withdrawal,41.014965169063416,1
935,65.22597366396937,Purchase,10.54440605319439,0
233,116.4894962911317,Transfer,8.168839384066178,0
1156,2715.413290858178,Transfer,34.389092660351146,1
397,104.88560722549957,Purchase,8.9250964400434,0
187,95.40651718197958,Withdrawal,7.537383339378225,0
932,148.12713576797782,Purchase,15.795177316951868,0
1404,1000.3205528149399,Withdrawal,45.3571441102235,1
1004,1913.8799264066236,Transfer,34.33152460416515,1
633,103.93480818176546,Withdrawal,10.559872414339743,0
1211,4605.28260801829,Transfer,28.025662096276825,1
951,139.35880641224009,Withdrawal,11.322265078027643,0
1460,3689.1495825837687,Withdrawal,44.803186554366306,1
572,119.56828470153867,Purchase,9.246097550775229,0
657,113.40643182595463,Purchase,14.850587585442419,0
878,120.37886952448955,Purchase,9.474137280339386,0
1441,2597.8085067924576,Transfer,39.46181024893635,1
1346,4772.055783716587,Withdrawal,38.7009091323702,1
1409,2413.100204434284,Transfer,27.60003956204886,1
1229,4747.658758825544,Transfer,23.51408614477264,1
206,125.9627247613042,Transfer,9.142543809397276,0
1387,3927.930840895398,Withdrawal,45.531073975761785,1
338,36.644352094755035,Transfer,6.684681144391895,0
584,93.65589172679188,Transfer,8.419699406160719,0
78,99.98361376936596,Withdrawal,12.480291246029415,0
281,84.02941810779397,Transfer,12.859543419988906,0
161,136.8585282640128,Transfer,9.587748983417303,0
311,95.91694016239978,Transfer,10.216392444559995,0
360,85.07325557556726,Purchase,8.632372837883674,0
80,104.93134708894287,Withdrawal,9.823185188026656,0
242,93.81533740232302,Withdrawal,12.98216785581694,0
596,90.56083526943735,Withdrawal,10.919361503432434,0
923,105.43923392574021,Transfer,9.39860353647067,0
1432,4065.76463559338,Withdrawal,37.663671940973224,1
882,119.96763445681563,Purchase,7.90581751852084,0
1308,4407.830763952064,Withdrawal,35.23321274848271,1
903,106.3165582933723,Purchase,9.64789821443642,0
273,110.35350963606137,Withdrawal,12.20126681769199,0
1458,1738.5033200881458,Transfer,37.40990682483016,1
1393,1571.8059813186742,Transfer,37.82530251917234,1
1129,1314.8033965747459,Transfer,34.76040742951069,1
993,112.47207896751428,Purchase,10.121662765042924,0
91,115.64387466662002,Transfer,10.803580968462148,0
158,107.61161996727928,Transfer,12.735970992911701,0
1418,3919.52803878732,Transfer,43.3073922366637,1
962,131.63702362050037,Withdrawal,12.992370347016589,0
671,146.1674541617188,Transfer,12.31871921846991,0
1403,1578.855047795702,Transfer,31.460237865213614,1
1396,2559.800265240535,Transfer,49.731960909704554,1
833,114.23020005993916,Purchase,10.46717726687697,0
764,128.08856846378137,Purchase,12.434065432329644,0
466,146.72129891920576,Withdrawal,7.8673240409941645,0
669,104.92235184267382,Purchase,11.638476819461042,0
249,134.75320257981122,Transfer,13.36290016394643,0
1287,4812.712640999313,Transfer,49.29001013509473,1
146,98.62119591198832,Purchase,10.713902666810563,0
672,80.06215131498833,Transfer,9.969856712900029,0
352,86.20454493821407,Withdrawal,13.195764885057901,0
168,106.7636219837845,Transfer,4.564859508842689,0
907,84.0220605692288,Purchase,5.964197799332153,0
143,76.21998912194904,Purchase,5.441080208670627,0
1092,4402.519572304589,Transfer,35.76138874214943,1
1366,2571.6604707325932,Withdrawal,43.88488465219339,1
937,119.48911999783508,Purchase,12.627759145479482,0
62,101.15951282889733,Withdrawal,11.274191964495802,0
869,77.87110433795694,Purchase,13.470340946293533,0
1013,3870.259114506484,Transfer,23.607377000225092,1
448,68.60850803380161,Purchase,6.347034400175764,0
153,58.31632466981675,Transfer,7.84775509371977,0
292,91.10144617436407,Transfer,11.655558908674008,0
804,45.43815819201518,Purchase,9.991227569710496,0
267,105.91819147153497,Purchase,9.619335648541693,0
1135,2415.0943151602396,Withdrawal,45.55490563916084,1
367,104.12451002731174,Transfer,9.13504768948532,0
147,77.96550047777396,Purchase,9.291106615103319,0
151,94.42031143231814,Withdrawal,10.51274422811476,0
1251,3447.802434830102,Withdrawal,32.93784706547176,1
1093,3232.828106118642,Withdrawal,27.56454709091105,1
263,93.59587576422085,Withdrawal,10.065454718920536,0
967,130.2078679794452,Purchase,11.350884166855533,0
422,100.80492532532753,Transfer,9.290858307281555,0
771,99.507733287648,Transfer,10.064288726094981,0
1324,1671.3977743069775,Transfer,33.84467034441833,1
43,87.72349784423322,Transfer,9.749006360335677,0
399,105.76038036301898,Purchase,11.58220387803547,0
532,84.62122053519587,Withdrawal,10.89431511137704,0
1302,4524.39346084569,Withdrawal,39.86507588410572,1
577,106.74559894204425,Purchase,9.438165794490816,0
593,89.95835358278978,Purchase,7.883229054800221,0
130,121.67608820012325,Withdrawal,12.713886919549504,0
1279,4909.689822439346,Withdrawal,42.53293317252653,1
1178,2288.9090452171627,Transfer,39.33296085580058,1
1459,1774.1786403051397,Transfer,22.56041713339134,1
1258,4574.482285794536,Withdrawal,27.41298050913926,1
1316,3432.9382636512637,Withdrawal,33.35261040214226,1
939,103.35816824013321,Purchase,6.732432294939409,0
638,111.69801412866683,Transfer,7.884773480810641,0
1145,1571.7781456530474,Transfer,41.59967828900558,1
750,99.17396074642033,Purchase,10.120255742415672,0
1196,1841.3922581292081,Withdrawal,46.67917048550458,1
354,104.50375145695111,Withdrawal,13.586318180995656,0
1436,3907.834134689808,Transfer,32.56253689988806,1
917,97.73546259052723,Purchase,12.724393589616453,0
37,118.55973311386768,Transfer,8.237412369339056,0
340,124.64247541948652,Transfer,10.243353729819829,0
489,85.37788362539993,Transfer,11.318392264301458,0
39,95.24367501581668,Transfer,9.172731630170372,0
908,99.44111580449629,Transfer,9.239746510900163,0
676,103.05624907422403,Transfer,9.254304012024521,0
383,99.47525164193884,Withdrawal,9.26165827406812,0
424,106.24284367348794,Transfer,7.305016034694432,0
75,92.35785078714116,Transfer,9.59365876285203,0
1489,1004.8077948433587,Transfer,36.405023926120975,1
265,103.05670239958539,Transfer,13.007130282310827,0
1301,4570.743764543729,Withdrawal,48.015957485873756,1
723,102.66319601034384,Purchase,11.526599853652357,0
1242,1402.556145352175,Withdrawal,48.23987460477208,1
443,96.22123974699704,Transfer,8.090336435806579,0
377,108.38623182793175,Purchase,8.786002860470285,0
207,113.21969452251211,Transfer,12.189680975620362,0
1245,2567.9514390506665,Transfer,28.179077824978073,1
508,108.16228652080214,Withdrawal,9.610016952983173,0
550,120.56632790173776,Withdrawal,7.651659927284235,0
814,73.30125120894081,Purchase,10.95024834560974,0
1057,3473.635388644039,Withdrawal,39.907962662526245,1
1480,2485.979750670236,Withdrawal,20.797339827642144,1
901,133.9564527381052,Transfer,6.883508033080248,0
905,69.52227273729358,Withdrawal,10.6357732720913,0
777,86.08562657862622,Transfer,13.682410294552252,0
832,74.71525963987358,Transfer,6.697439585834493,0
605,93.60074415133502,Purchase,14.399259379288038,0
889,123.07666678066633,Withdrawal,11.059509688441603,0
1479,1571.0532128205027,Withdrawal,46.59461929189909,1
1150,1732.9373089693631,Withdrawal,35.67316694773573,1
69,109.39623987574403,Transfer,12.408742294821153,0
163,123.5452895990031,Transfer,10.562797624843029,0
655,107.59643286651566,Transfer,9.189846820794783,0
1112,1457.831066286949,Transfer,27.441583038697715,1
155,95.15761679295433,Withdrawal,9.74102475843336,0
388,86.75825246051964,Purchase,9.45990917754103,0
1038,1318.7205262975694,Withdrawal,36.91792538191241,1
912,100.61587028277354,Withdrawal,12.655313041677088,0
632,58.95072838847574,Withdrawal,9.176406727039163,0
1213,1292.7185080425302,Transfer,45.008113490377795,1
728,138.25228740700746,Transfer,10.229384463464172,0
65,92.55141778813164,Withdrawal,9.232338231559952,0
600,145.93565222324585,Withdrawal,9.121802665067861,0
445,105.13445823844653,Purchase,10.441747596913604,0
981,76.22024089392944,Transfer,10.154316894575325,0
696,117.95972971182363,Withdrawal,9.762232297325124,0
566,75.90363112902956,Purchase,6.937581127594473,0
485,135.94769167694147,Withdrawal,10.280817185049374,0
36,102.97063427063112,Withdrawal,10.67624002149919,0
816,156.83461167692985,Transfer,13.294652249421425,0
789,66.00372723395648,Purchase,10.33068862532748,0
1024,4645.321916897676,Transfer,29.16010972231177,1
654,55.023118565497306,Transfer,8.166438538190187,0
791,98.42626758652605,Purchase,10.340214266847383,0
58,49.74011983447548,Transfer,11.75476404045123,0
911,68.04491139448058,Purchase,11.376279152704738,0
1236,1630.5253283315506,Transfer,42.078818623710674,1
899,89.30812148580317,Purchase,10.714559192696518,0
520,118.416054706322,Withdrawal,9.24759410509935,0
309,141.93439726366594,Withdrawal,11.450547381338053,0
229,126.71354897950809,Transfer,10.69595192112874,0
1267,1666.2289258883986,Transfer,20.813238066201308,1
1337,1411.1574077652276,Withdrawal,27.360474545858615,1
341,123.5961853615875,Purchase,10.067329727674085,0
1053,1741.255191699728,Withdrawal,36.266590728230376,1
1180,3133.31489469904,Transfer,45.71782202446879,1
645,113.29214598470543,Transfer,12.026322788708168,0
590,72.08531907803689,Purchase,10.331391642095374,0
946,110.31398811427002,Purchase,8.6716600398173,0
678,123.52261047870591,Transfer,7.29017864928222,0
98,71.0877599372995,Purchase,6.767697036941436,0
1465,2175.611770322047,Transfer,42.15035383733956,1
488,77.63404190931976,Purchase,8.063498682234307,0
845,109.33661619086044,Purchase,12.339619405222654,0
208,71.6938145666272,Transfer,11.057102320072962,0
329,114.71967661408173,Withdrawal,6.9018964245036445,0
17,101.61822704018105,Transfer,10.592447895600612,0
709,71.90126220159513,Withdrawal,8.35461614330993,0
1121,3688.5393423728556,Transfer,46.346224103529714,1
275,124.16419920224152,Purchase,11.477761116881261,0
1259,2537.4683821156045,Withdrawal,24.72818365086826,1
1248,3682.7127951399493,Transfer,46.90871587057666,1
523,118.9268850960035,Withdrawal,11.14416629483457,0
1072,1068.7766010920038,Withdrawal,21.896209690822,1
105,99.780665170667,Purchase,8.058209829633357,0
72,109.49732011999068,Purchase,10.250625264088649,0
1349,1522.8877609434246,Withdrawal,49.73396354733384,1
380,121.71160115187755,Purchase,10.546479050055378,0
942,96.2242242938076,Withdrawal,12.928849998543011,0
427,106.72512022877497,Withdrawal,11.563140179104582,0
379,105.63896807269867,Purchase,4.2311967079183495,0
854,97.52002162990013,Withdrawal,8.964646050502035,0
706,84.01525090891762,Withdrawal,10.158185676258533,0
1291,3741.5015524263317,Withdrawal,47.65000367011102,1
477,77.12128335202226,Withdrawal,11.825306741825052,0
1295,1551.4259582437026,Withdrawal,40.02282822136924,1
1263,4392.453347842793,Withdrawal,34.87826412883054,1
90,113.70906079865065,Purchase,11.419546090079034,0
1471,4084.4788163062026,Withdrawal,27.284264716661422,1
964,91.74809306506098,Transfer,10.987096617701479,0
1473,3836.546353872093,Withdrawal,27.354522872491767,1
585,100.29220276455152,Purchase,11.495750868560265,0
916,98.71031376011975,Transfer,12.149328776395237,0
843,79.76485420956132,Transfer,13.189592880047579,0
1132,1023.7374802267199,Withdrawal,22.946427240946484,1
100,120.51833458876095,Transfer,10.34283033419847,0
700,112.29246485571652,Purchase,8.788400084879214,0
438,104.44379109051148,Withdrawal,7.912451282126163,0
504,98.96694654880889,Purchase,12.014469840125741,0
1159,1759.3723270223545,Transfer,40.144941590863596,1
766,91.41454727818629,Transfer,10.038948999575702,0
933,70.91596427837148,Withdrawal,7.9215527442122955,0
851,87.91673948303618,Purchase,7.648576240961694,0
639,121.44822240933796,Purchase,9.457614352433398,0
172,124.0201432790845,Withdrawal,8.478087595018415,0
625,146.7564603220551,Withdrawal,9.338859429817374,0
511,104.37471858011772,Purchase,9.62872769797669,0
1089,4179.142067109733,Transfer,42.99153688353261,1
1254,2943.4026903370755,Transfer,35.44828313273717,1
1457,1714.140809934429,Withdrawal,28.379656107028985,1
687,91.60866300578762,Withdrawal,9.879461736306665,0
1218,3373.351182288524,Withdrawal,25.336664970633848,1
27,117.03981479900871,Transfer,5.8393327916604765,0
1026,2913.0875692830505,Transfer,34.54564224032624,1
1354,1554.2123722003653,Transfer,45.54029202807001,1
426,123.75680632153039,Withdrawal,13.025468760829618,0
1116,3703.1759519522757,Withdrawal,28.141136093229846,1
847,156.20905069302881,Purchase,11.991951692440482,0
1331,1376.7033512849944,Transfer,27.425668580886455,1
491,103.8185778771922,Withdrawal,8.133764666003497,0
732,81.23435005581177,Withdrawal,10.860275590211003,0
1446,4616.742105851226,Withdrawal,35.78545566426354,1
839,100.49346999885455,Withdrawal,12.828032299533776,0
560,83.395162546898,Transfer,13.042476805975955,0
1477,4747.113844406255,Withdrawal,45.76483878314083,1
50,107.77008195491226,Transfer,9.001046238529614,0
109,50.513679082786815,Purchase,13.192390892346221,0
679,81.17107363422788,Withdrawal,7.438999384755556,0
555,95.57911294005328,Purchase,11.513650339180574,0
318,94.4245455095751,Purchase,8.622841133982046,0
1239,3840.2281721009203,Transfer,20.601774570263085,1
891,109.86537790816408,Withdrawal,8.076617638249832,0
1445,1699.2310854602251,Transfer,26.536024692635213,1
1294,3563.1242480243436,Withdrawal,47.33089383123805,1
701,112.05264332691176,Purchase,14.561591667349898,0
171,119.73487934343859,Purchase,13.568793986427346,0
1314,2000.1025903407333,Transfer,38.80571654022691,1
1338,1341.4137774146382,Transfer,24.47806607355563,1
157,132.26810598406388,Purchase,10.381371418237064,0
806,73.17915959769441,Withdrawal,8.459857469950705,0
113,107.126925192333,Withdrawal,8.588688365255381,0
241,107.42749835528483,Withdrawal,5.627214747636996,0
205,97.345137418659,Withdrawal,6.953094157832079,0
1067,3927.573474771299,Transfer,33.28150278368548,1
30,89.09951724339113,Transfer,9.768586781482764,0
688,122.34661175147568,Purchase,9.81742177837655,0
859,115.32698889767423,Transfer,11.84591548180893,0
1077,3223.8662759176286,Transfer,36.64755117522595,1
848,102.7421150574242,Transfer,10.752914650963843,0
718,69.18225382195413,Withdrawal,11.199236755752935,0
372,112.93103969673096,Withdrawal,10.267108168554273,0
384,86.78654488183969,Transfer,11.249449043008303,0
809,73.01951565510223,Withdrawal,8.925249614349276,0
357,76.5699334280847,Withdrawal,7.921405121040742,0
1192,1771.7634500746242,Transfer,46.12027908198613,1
1170,4620.067642300161,Transfer,30.632776435958483,1
1033,4336.007673733371,Transfer,34.32023000569093,1
698,97.328492027262,Withdrawal,11.459488313893686,0
592,94.76203152220224,Withdrawal,9.362788316386695,0
867,104.52888774811017,Withdrawal,9.816557622956756,0
552,115.48231395548287,Withdrawal,8.143382682324772,0
1189,3744.9768358357114,Transfer,49.35920174083533,1
1225,4925.771707096672,Transfer,28.601000038027916,1
626,111.4897143591857,Withdrawal,11.524097497681097,0
160,104.21236189114221,Transfer,9.131807953526968,0
571,74.80735742980264,Transfer,13.754823201190668,0
1469,4993.011939470427,Transfer,49.26142953970749,1
464,88.3594806373594,Purchase,7.002981964486521,0
1495,3628.287139604128,Withdrawal,33.99461381018756,1
1493,2567.2427707063407,Transfer,40.31519083289848,1
965,109.8812321613633,Withdrawal,9.683152290392938,0
45,88.76471266663637,Transfer,10.271455524459487,0
1282,1787.5841710024165,Withdrawal,26.47935863904057,1
1221,2438.025786961343,Transfer,22.890136102988553,1
1482,1932.9292559923547,Withdrawal,37.13220132226699,1
1167,4799.451214581632,Withdrawal,43.779556487591655,1
1006,1393.8598584253157,Withdrawal,21.483054049921527,1
969,92.57221991922019,Withdrawal,11.495391263090786,0
1437,2826.2635546061974,Withdrawal,29.150755939904016,1
648,88.52575655547273,Transfer,9.24662615108797,0
269,68.594341694244,Purchase,11.123238891197705,0
627,77.90005383660662,Purchase,11.607909648981902,0
1019,1378.690747539422,Withdrawal,44.93219231895271,1
1461,2604.611553544746,Transfer,21.356363282382052,1
875,109.01655760120747,Transfer,9.366009137591815,0
1061,4224.072308269544,Transfer,41.47317377595604,1
996,114.23308243132824,Purchase,7.906424733719788,0
955,53.53386141974163,Withdrawal,9.667098980185207,0
713,119.65285038838854,Withdrawal,14.013005084838701,0
745,129.18473096507617,Purchase,8.433176111249455,0
401,131.77178688326012,Withdrawal,4.938800923660051,0
1271,1594.447512715429,Transfer,33.536495622891174,1
1362,1253.9715962896692,Withdrawal,33.935728693870274,1
744,65.73531521724709,Transfer,10.138896774716487,0
1462,2172.067766623111,Transfer,47.31847645910047,1
430,126.26398418716974,Withdrawal,6.035590467538278,0
1435,1815.489018027372,Withdrawal,49.08395873040253,1
991,96.90239659184843,Purchase,8.592664438337767,0
1078,2634.931484584239,Transfer,21.717764128482425,1
371,88.37172625554531,Transfer,8.44746409084076,0
386,100.91049817223539,Withdrawal,10.14999768349268,0
1264,2118.716498117146,Transfer,36.63266378096931,1
1307,3598.311624181481,Withdrawal,25.05357257469387,1
48,94.73038791098169,Withdrawal,12.992544423209772,0
708,73.63543619524881,Transfer,8.99929047428996,0
575,107.89789659545484,Transfer,9.641756403189365,0
583,121.9114951744851,Transfer,9.74345090561244,0
495,94.01609165479982,Withdrawal,7.817272034093177,0
1319,2280.1980887373247,Transfer,24.410118677819554,1
589,100.4606756230969,Withdrawal,9.16904420345385,0
1365,1546.5133978929102,Transfer,22.53099640391058,1
1372,3064.0362586974984,Withdrawal,26.405993168036744,1
680,96.20633450788554,Withdrawal,13.176571184836064,0
148,79.33491623304637,Withdrawal,10.452627084045435,0
663,65.61272575839499,Withdrawal,11.213084992716198,0
919,107.84170306580876,Withdrawal,12.097743253898695,0
201,90.95905824193792,Withdrawal,11.184428310859081,0
239,102.33990946438406,Withdrawal,15.125675909772513,0
985,65.60321559379085,Withdrawal,6.602954412663577,0
664,118.6824337285642,Transfer,10.398506035810604,0
406,77.0844502427293,Transfer,12.376567270549131,0
1426,3646.029163847162,Transfer,47.248611858815735,1
610,141.46256294240678,Purchase,11.50957964928677,0
821,74.42583760094831,Purchase,11.924929345748994,0
561,106.40316391456008,Withdrawal,11.105456710545832,0
470,78.21788836472432,Purchase,7.641995289634162,0
166,97.98985670263676,Purchase,9.252492194860679,0
456,91.78958411677982,Withdrawal,13.394554133560828,0
653,123.52799336370695,Withdrawal,11.435358766868706,0
